<?xml version="1.0" encoding="utf-8"?>
<root>
	<url>
		<id><![CDATA[0088058f6c348a285227215154691df8]]></id>
		<title><![CDATA[首页]]></title>
		<rule><![CDATA[index\.html]]></rule>
		<val><![CDATA[index.php]]></val>
		<format><![CDATA[index.html]]></format>
		<ctrl><![CDATA[index]]></ctrl>
		<func><![CDATA[index]]></func>
		<var><![CDATA[]]></var>
		<sort><![CDATA[100]]></sort>
	</url>
	<url>
		<id><![CDATA[2f1f172e8c066020907dca5278270df9]]></id>
		<title><![CDATA[订单明细（带密）]]></title>
		<rule><![CDATA[order\/info\/([a-z0-9A-Z\_\-]+)\/([a-z0-9A-Z\_\-]+)\.html$]]></rule>
		<val><![CDATA[index.php?c=order&f=info&sn=$1&passwd=$2]]></val>
		<format><![CDATA[order/info/[sn]/[passwd].html]]></format>
		<ctrl><![CDATA[order]]></ctrl>
		<func><![CDATA[info]]></func>
		<var><![CDATA[sn|passwd]]></var>
		<sort><![CDATA[105]]></sort>
	</url>
	<url>
		<id><![CDATA[d628e19d2ee1afd96b933e9a54b0f017]]></id>
		<title><![CDATA[会员订单明细]]></title>
		<rule><![CDATA[order\/info\/([a-zA-Z][a-z0-9A-Z\_\-]+)\.html$]]></rule>
		<val><![CDATA[index.php?c=order&f=info&sn=$1]]></val>
		<format><![CDATA[order/info/[sn].html]]></format>
		<ctrl><![CDATA[order]]></ctrl>
		<func><![CDATA[info]]></func>
		<var><![CDATA[sn]]></var>
		<sort><![CDATA[110]]></sort>
	</url>
	<url>
		<id><![CDATA[68b1b9b521ba889e3ff01065e1ec8d22]]></id>
		<title><![CDATA[会员订单明细]]></title>
		<rule><![CDATA[order\/info\/([0-9]+)\.html$]]></rule>
		<val><![CDATA[index.php?c=order&f=info&id=$1]]></val>
		<format><![CDATA[order/info/[id].html]]></format>
		<ctrl><![CDATA[order]]></ctrl>
		<func><![CDATA[info]]></func>
		<var><![CDATA[id]]></var>
		<sort><![CDATA[115]]></sort>
	</url>
	<url>
		<id><![CDATA[a16013fa422cd9e4a3dca5073c2e030a]]></id>
		<title><![CDATA[创建订单]]></title>
		<rule><![CDATA[order\/create\.html$]]></rule>
		<val><![CDATA[index.php?c=order&f=create]]></val>
		<format><![CDATA[order/create.html]]></format>
		<ctrl><![CDATA[order]]></ctrl>
		<func><![CDATA[create]]></func>
		<var><![CDATA[]]></var>
		<sort><![CDATA[116]]></sort>
	</url>
	<url>
		<id><![CDATA[79362eb38b905593922280e6e5b59b22]]></id>
		<title><![CDATA[会员评论]]></title>
		<rule><![CDATA[order\/comment\/([0-9]+)\.html$]]></rule>
		<val><![CDATA[index.php?c=order&f=comment&id=$1]]></val>
		<format><![CDATA[order/comment/[id].html]]></format>
		<ctrl><![CDATA[order]]></ctrl>
		<func><![CDATA[comment]]></func>
		<var><![CDATA[id]]></var>
		<sort><![CDATA[118]]></sort>
	</url>
	<url>
		<id><![CDATA[709ca43435f17523a81660bb2be619bf]]></id>
		<title><![CDATA[购物下单相关]]></title>
		<rule><![CDATA[cart\/([a-zA-Z][a-z0-9A-Z\_\-]+)\.html$]]></rule>
		<val><![CDATA[index.php?c=cart&f=$1]]></val>
		<format><![CDATA[cart/[func].html]]></format>
		<ctrl><![CDATA[cart]]></ctrl>
		<func><![CDATA[checkout|freight|all_price|address_selected|invoice_selected]]></func>
		<var><![CDATA[func]]></var>
		<sort><![CDATA[120]]></sort>
	</url>
	<url>
		<sort><![CDATA[125]]></sort>
		<rule><![CDATA[cart\.html$]]></rule>
		<val><![CDATA[index.php?c=cart]]></val>
		<format><![CDATA[cart.html]]></format>
		<ctrl><![CDATA[cart]]></ctrl>
		<title><![CDATA[购物车]]></title>
		<id><![CDATA[30a3a83228dbd75cb83961c6dcc9d4cd]]></id>
	</url>
	<url>
		<sort><![CDATA[130]]></sort>
		<rule><![CDATA[order\.html$]]></rule>
		<val><![CDATA[index.php?c=order]]></val>
		<format><![CDATA[order.html]]></format>
		<ctrl><![CDATA[order]]></ctrl>
		<title><![CDATA[订单列表]]></title>
		<id><![CDATA[341bb7c7b61ca2512b98bef4bff45e3e]]></id>
	</url>
	<url>
		<sort><![CDATA[135]]></sort>
		<rule><![CDATA[usercp\/list\/([a-zA-Z][a-zA-Z0-9]+)\.html$]]></rule>
		<val><![CDATA[index.php?c=usercp&f=list&id=$1]]></val>
		<format><![CDATA[usercp/list/[id].html]]></format>
		<ctrl><![CDATA[usercp]]></ctrl>
		<func><![CDATA[list]]></func>
		<var><![CDATA[id]]></var>
		<title><![CDATA[会员中心]]></title>
		<id><![CDATA[faccb056d7623007f85cc60f698bf936]]></id>
	</url>
	<url>
		<id><![CDATA[30e8a9a43ac877ea6a4fe76f0e8fa9ec]]></id>
		<title><![CDATA[会员中心]]></title>
		<rule><![CDATA[usercp\/([a-zA-Z][a-zA-Z0-9]+)\.html$]]></rule>
		<val><![CDATA[index.php?c=usercp&f=$1]]></val>
		<format><![CDATA[usercp/[func].html]]></format>
		<ctrl><![CDATA[usercp]]></ctrl>
		<func><![CDATA[avatar|info|passwd|mobile|email|address|invoice|fav|introducer|wealth]]></func>
		<var><![CDATA[func]]></var>
		<sort><![CDATA[140]]></sort>
	</url>
	<url>
		<sort><![CDATA[145]]></sort>
		<rule><![CDATA[usercp\.html$]]></rule>
		<val><![CDATA[index.php?c=usercp]]></val>
		<format><![CDATA[usercp.html]]></format>
		<ctrl><![CDATA[usercp]]></ctrl>
		<title><![CDATA[会员个人中心]]></title>
		<id><![CDATA[d47975051aa37036a372650820d95c7e]]></id>
	</url>
	<url>
		<id><![CDATA[dd542220b8ca8da9a3881c44fd97cb62]]></id>
		<title><![CDATA[搜索]]></title>
		<rule><![CDATA[search\/([^\/]+)$]]></rule>
		<val><![CDATA[index.php?c=search&keywords=$1]]></val>
		<format><![CDATA[[ctrl]/[keywords]]]></format>
		<ctrl><![CDATA[search]]></ctrl>
		<func><![CDATA[]]></func>
		<var><![CDATA[keywords]]></var>
		<sort><![CDATA[150]]></sort>
	</url>
	<url>
		<id><![CDATA[25aaff4a1b657a523b7e6f25907f00f7]]></id>
		<title><![CDATA[搜索列表页]]></title>
		<rule><![CDATA[search\/([^\/]+)\/([0-9]+)$]]></rule>
		<val><![CDATA[index.php?c=search&keywords=$1&pageid=$2]]></val>
		<format><![CDATA[[ctrl]/[keywords]/[pageid]]]></format>
		<ctrl><![CDATA[search]]></ctrl>
		<func><![CDATA[]]></func>
		<var><![CDATA[keywords|pageid]]></var>
		<sort><![CDATA[155]]></sort>
	</url>
	<url>
		<id><![CDATA[a76cc2f964141263805ba1a26b8beed5]]></id>
		<title><![CDATA[Tag标签]]></title>
		<rule><![CDATA[tag\/([^\/]+)$]]></rule>
		<val><![CDATA[index.php?c=tag&title=$1]]></val>
		<format><![CDATA[tag/[title]]]></format>
		<ctrl><![CDATA[tag]]></ctrl>
		<func><![CDATA[]]></func>
		<var><![CDATA[title]]></var>
		<sort><![CDATA[160]]></sort>
	</url>
	<url>
		<id><![CDATA[f6aa7b5256eb1f7ea73bacee3bc270b8]]></id>
		<title><![CDATA[标签2]]></title>
		<rule><![CDATA[tag\/([^\/]+)\/([0-9]+)$]]></rule>
		<val><![CDATA[index.php?c=tag&title=$1&pageid=$2]]></val>
		<format><![CDATA[tag/[title]/[pageid]]]></format>
		<ctrl><![CDATA[tag]]></ctrl>
		<func><![CDATA[]]></func>
		<var><![CDATA[title|pageid]]></var>
		<sort><![CDATA[165]]></sort>
	</url>
	<url>
		<id><![CDATA[6422fc2687dd874f8cc238024454ca81]]></id>
		<title><![CDATA[评论]]></title>
		<rule><![CDATA[comment\/([^\/]+)$]]></rule>
		<val><![CDATA[index.php?c=comment&id=$1]]></val>
		<format><![CDATA[comment/[id]]]></format>
		<ctrl><![CDATA[comment]]></ctrl>
		<func><![CDATA[]]></func>
		<var><![CDATA[id]]></var>
		<sort><![CDATA[170]]></sort>
	</url>
	<url>
		<title><![CDATA[评论分页]]></title>
		<rule><![CDATA[comment\/([a-zA-Z0-9\_\-]+)\/([0-9]+)$]]></rule>
		<val><![CDATA[index.php?c=comment&id=$1&pageid=$2]]></val>
		<format><![CDATA[comment/[id]/[pageid]]]></format>
		<ctrl><![CDATA[comment]]></ctrl>
		<func><![CDATA[]]></func>
		<var><![CDATA[id|pageid]]></var>
		<sort><![CDATA[175]]></sort>
		<id><![CDATA[86c6c14744876fb44124fb10f783d6f2]]></id>
	</url>
	<url>
		<id><![CDATA[7a55e5d427be87520d72ea34ef685657]]></id>
		<title><![CDATA[项目+分类+分页]]></title>
		<rule><![CDATA[([a-z0-9A-Z\_\-]+)\/([a-z0-9A-Z\_\-]+)\/([0-9]+)\.html$]]></rule>
		<val><![CDATA[index.php?id=$1&cate=$2&pageid=$3]]></val>
		<format><![CDATA[[id]/[cate]/[pageid].html]]></format>
		<ctrl><![CDATA[project]]></ctrl>
		<func><![CDATA[]]></func>
		<var><![CDATA[id|cate|pageid]]></var>
		<sort><![CDATA[180]]></sort>
	</url>
	<url>
		<id><![CDATA[dba134c3e084e1bfd426969a48fa3b96]]></id>
		<title><![CDATA[项目分页]]></title>
		<rule><![CDATA[([a-z0-9A-Z\_\-]+)\/([0-9]+)\.html$]]></rule>
		<val><![CDATA[index.php?id=$1&pageid=$2]]></val>
		<format><![CDATA[[id]/[pageid].html]]></format>
		<ctrl><![CDATA[project]]></ctrl>
		<func><![CDATA[]]></func>
		<var><![CDATA[id|pageid]]></var>
		<sort><![CDATA[185]]></sort>
	</url>
	<url>
		<id><![CDATA[6e5a6d5dc257e0d79ac69301313d2b3c]]></id>
		<title><![CDATA[项目+分类]]></title>
		<rule><![CDATA[([a-z0-9A-Z\_\-]+)\/([a-z0-9A-Z\_\-]+)\.html$]]></rule>
		<val><![CDATA[index.php?id=$1&cate=$2]]></val>
		<format><![CDATA[[id]/[cate].html]]></format>
		<ctrl><![CDATA[project]]></ctrl>
		<func><![CDATA[]]></func>
		<var><![CDATA[id|cate]]></var>
		<sort><![CDATA[195]]></sort>
	</url>
	<url>
		<id><![CDATA[ecc377057403566e1a81465025a5d864]]></id>
		<title><![CDATA[项目及内容]]></title>
		<rule><![CDATA[([a-zA-Z0-9\_\-]+)\.html$]]></rule>
		<val><![CDATA[index.php?id=$1]]></val>
		<format><![CDATA[[id].html]]></format>
		<ctrl><![CDATA[content|project]]></ctrl>
		<func><![CDATA[]]></func>
		<var><![CDATA[id]]></var>
		<sort><![CDATA[200]]></sort>
	</url>
</root>