<?xml version="1.0" encoding="utf-8"?>
<root>
	<url>
		<id>0088058f6c348a285227215154691df8</id>
		<title>首页</title>
		<rule>index\.html</rule>
		<val>index.php</val>
		<format>index.html</format>
		<ctrl>index</ctrl>
		<func>index</func>
		<var></var>
		<sort></sort>
	</url>
	<url>
		<id>2f1f172e8c066020907dca5278270df9</id>
		<title>订单明细（带密）</title>
		<rule>order\/info\/([a-z0-9A-Z\_\-]+)\/([a-z0-9A-Z\_\-]+)\.html$</rule>
		<val>index.php?c=order&f=info&sn=$1&passwd=$2</val>
		<format>order/info/[sn]/[passwd].html</format>
		<ctrl>order</ctrl>
		<func>info</func>
		<var>sn|passwd</var>
		<sort>2</sort>
	</url>
	<url>
		<id>d628e19d2ee1afd96b933e9a54b0f017</id>
		<title>会员订单明细</title>
		<rule>order\/info\/([a-zA-Z][a-z0-9A-Z\_\-]+)\.html$</rule>
		<val>index.php?c=order&f=info&sn=$1</val>
		<format>order/info/[sn].html</format>
		<ctrl>order</ctrl>
		<func>info</func>
		<var>sn</var>
		<sort>3</sort>
	</url>
	<url>
		<id>68b1b9b521ba889e3ff01065e1ec8d22</id>
		<title>会员订单明细</title>
		<rule>order\/info\/([0-9]+)\.html$</rule>
		<val>index.php?c=order&f=info&id=$1</val>
		<format>order/info/[id].html</format>
		<ctrl>order</ctrl>
		<func>info</func>
		<var>id</var>
		<sort>4</sort>
	</url>
	<url>
		<id>709ca43435f17523a81660bb2be619bf</id>
		<title>购物下单相关</title>
		<rule>cart\/([a-zA-Z][a-z0-9A-Z\_\-]+)\.html$</rule>
		<val>index.php?c=cart&f=$1</val>
		<format>cart/[func].html</format>
		<ctrl>cart</ctrl>
		<func>checkout|freight|all_price|address_selected|invoice_selected</func>
		<var>func</var>
		<sort>5</sort>
	</url>
	<url>
		<sort>6</sort>
		<rule>cart\.html$</rule>
		<val>index.php?c=cart</val>
		<format>cart.html</format>
		<ctrl>cart</ctrl>
		<title>购物车</title>
		<id>30a3a83228dbd75cb83961c6dcc9d4cd</id>
	</url>
	<url>
		<sort>7</sort>
		<rule>order\.html$</rule>
		<val>index.php?c=order</val>
		<format>order.html</format>
		<ctrl>order</ctrl>
		<title>订单列表</title>
		<id>341bb7c7b61ca2512b98bef4bff45e3e</id>
	</url>
	<url>
		<sort>8</sort>
		<rule>usercp\/list\/([a-zA-Z][a-zA-Z0-9]+)\.html$</rule>
		<val>index.php?c=usercp&f=list&id=$1</val>
		<format>usercp/list/[id].html</format>
		<ctrl>usercp</ctrl>
		<func>list</func>
		<var>id</var>
		<title>会员中心</title>
		<id>faccb056d7623007f85cc60f698bf936</id>
	</url>
	<url>
		<sort>9</sort>
		<rule>usercp\/([a-zA-Z][a-zA-Z0-9]+)\.html$</rule>
		<val>index.php?c=usercp&f=$1</val>
		<format>usercp/[func].html</format>
		<ctrl>usercp</ctrl>
		<func>avatar|info|passwd|mobile|email|address|invoice</func>
		<var>func</var>
		<title>会员中心</title>
		<id>30e8a9a43ac877ea6a4fe76f0e8fa9ec</id>
	</url>
	<url>
		<sort>10</sort>
		<rule>usercp\.html$</rule>
		<val>index.php?c=usercp</val>
		<format>usercp.html</format>
		<ctrl>usercp</ctrl>
		<title>会员个人中心</title>
		<id>d47975051aa37036a372650820d95c7e</id>
	</url>
	<url>
		<sort>198</sort>
		<rule>([a-z0-9A-Z\_\-]+)\/([a-z0-9A-Z\_\-]+)\/([0-9]+)\.html$</rule>
		<val>index.php?id=$1&cate=$2&pageid=$3</val>
		<format>[id]/[cate]/[pageid].html</format>
		<ctrl>project</ctrl>
		<var>id|cate|pageid</var>
		<title>项目/分类/分页</title>
		<id>1ed152ad4bc6266e5a796ac72439dfd8</id>
	</url>
	<url>
		<sort>199</sort>
		<rule>([a-z0-9A-Z\_\-]+)\/([a-z0-9A-Z\_\-]+)\.html$</rule>
		<val>index.php?id=$1&cate=$2</val>
		<format>[id]/[cate].html</format>
		<ctrl>project</ctrl>
		<var>id|cate</var>
		<title>项目/分类</title>
		<id>6e5a6d5dc257e0d79ac69301313d2b3c</id>
	</url>
	<url>
		<sort>200</sort>
		<rule>([a-zA-Z0-9\-\_]+)\.html$</rule>
		<val>index.php?id=$1</val>
		<format>[id].html</format>
		<ctrl>project|content</ctrl>
		<var>id</var>
		<title>项目/内容</title>
		<id>6916f8fdd6aa5535626226b2ebd466e9</id>
	</url>
</root>